CustomerID,FirstName,LastName,DOB,Gender,Country,SignupDate
1,David,Delgado,2000-02-13,Male,Svalbard & Jan Mayen Islands,2024-10-04
2,Felicia,Stone,1993-10-23,Male,Western Sahara,2021-12-03
3,Joshua,Bowman,1973-03-07,Female,Comoros,2016-08-07
4,Linda,Barrera,1983-05-18,Other,Saint Lucia,2024-05-22
5,Shelly,Fuller,1981-10-06,Female,United States Minor Outlying Islands,2019-11-22
6,Francisco,Johnson,1975-04-19,Female,Wallis and Futuna,2016-08-31
7,Michael,Gallagher,1948-02-11,Male,Venezuela,2016-09-09
8,Courtney,Harris,1951-07-22,Other,Indonesia,2019-07-31
9,Taylor,Brooks,1985-12-08,Other,Micronesia,2024-07-04
10,Brandy,Burgess,1973-05-11,Male,Georgia,2021-04-21
11,Sheena,Pope,1964-08-10,Female,Spain,2019-09-25
12,Danielle,Mckenzie,1988-04-10,Other,Italy,2024-12-01
13,Phillip,White,1996-08-25,Male,Cameroon,2020-01-17
14,Glenn,Nelson,1986-08-16,Male,Saint Martin,2021-05-23
15,Jose,Moore,1979-07-07,Male,Saint Helena,2021-08-18
16,Todd,Fuller,1960-02-13,Male,Qatar,2025-02-14
17,Aaron,Suarez,1968-05-12,Male,Montserrat,2018-03-08
18,James,Jackson,1963-07-15,Other,Kuwait,2021-08-26
19,Dakota,Meza,1985-10-12,Male,Albania,2020-02-20
20,Andrea,Rivera,1945-10-06,Male,Kiribati,2022-12-19
21,Courtney,Hall,1964-01-09,Male,Kuwait,2018-08-09
22,Matthew,Richardson,1985-06-27,Female,Guam,2017-05-28
23,Ryan,Curtis,1959-03-07,Female,Costa Rica,2017-03-28
24,Joshua,Moore,1959-02-26,Female,Tunisia,2019-03-02
25,Jeffrey,Lam,1975-01-17,Female,Saint Lucia,2022-10-08
26,Matthew,Gilbert,1946-03-25,Male,Liberia,2024-02-24
27,Alan,Parrish,1961-02-15,Female,Isle of Man,2016-05-21
28,Wendy,Smith,1978-12-02,Male,Puerto Rico,2018-02-09
29,Shawn,Bush,1952-06-13,Male,Tokelau,2017-12-02
30,Andre,Dyer,2002-06-27,Female,Cameroon,2016-07-14
31,Jacqueline,Berry,1992-04-30,Other,Tanzania,2020-05-11
32,Nancy,Williams,1946-05-07,Female,Namibia,2021-06-07
33,Albert,Dougherty,1950-01-03,Female,Korea,2017-03-08
34,Tiffany,Hardin,1997-08-20,Male,Panama,2023-07-06
35,Christine,Davenport,2000-05-04,Male,South Africa,2021-09-08
36,Melissa,Patterson,1993-05-20,Other,Zambia,2024-03-07
37,Tony,Banks,2006-02-13,Other,Malawi,2020-11-09
38,Samuel,Burgess,1960-05-06,Female,Brunei Darussalam,2018-07-22
39,Jamie,Sullivan,1998-11-07,Female,Burundi,2022-07-08
40,Ashley,Brown,1946-06-03,Other,Papua New Guinea,2024-06-26
41,Sara,Miller,1971-10-26,Male,Kiribati,2020-01-12
42,Jeffery,Atkins,1946-03-20,Female,Isle of Man,2024-06-13
43,Lauren,Kim,1961-07-07,Male,Portugal,2022-11-27
44,Teresa,Stevens,1956-04-30,Female,Italy,2024-06-02
45,David,Johnson,1958-09-16,Female,French Polynesia,2020-03-09
46,Kevin,Murray,2004-11-25,Other,Costa Rica,2022-07-15
47,Michael,Ball,1977-07-07,Female,Svalbard & Jan Mayen Islands,2020-04-26
48,Lawrence,Jones,1983-03-29,Male,Isle of Man,2019-01-23
49,Ann,Wolfe,1973-07-07,Female,Burundi,2024-06-11
50,Paul,Hayes,1963-01-04,Other,Cyprus,2022-02-25
51,Tamara,Bowers,1955-10-03,Female,Latvia,2017-11-14
52,Steven,Herrera,1946-08-31,Other,Liberia,2017-10-19
53,Anthony,Allen,1993-09-14,Other,Paraguay,2024-02-05
54,Samuel,Ford,1954-04-15,Other,Netherlands,2019-09-15
55,Nancy,Chandler,1989-12-29,Male,United Arab Emirates,2015-09-27
56,Daniel,Watson,1951-06-26,Male,Latvia,2019-01-06
57,Mark,King,2000-11-26,Male,Serbia,2023-12-26
58,Calvin,Kirk,1954-07-21,Other,Suriname,2019-04-22
59,Anthony,Hamilton,1996-08-05,Female,Trinidad and Tobago,2016-09-20
60,Nathan,Blevins,1994-09-18,Male,Uruguay,2018-02-15
61,Susan,Velasquez,1971-07-31,Male,Malta,2024-11-24
62,Kevin,Pitts,1991-06-11,Other,Gambia,2017-11-18
63,Tabitha,Castillo,1971-10-02,Other,Gibraltar,2020-12-29
64,Maria,Johnson,1945-06-08,Other,Antarctica (the territory South of 60 deg S),2024-02-04
65,Elizabeth,Tran,1955-05-08,Other,Bangladesh,2018-11-01
66,Justin,Thomas,1967-11-09,Female,Antigua and Barbuda,2024-01-28
67,Kathryn,Nash,1961-01-24,Female,Montenegro,2015-12-19
68,Justin,Cummings,1947-03-04,Male,Cuba,2017-03-05
69,Kim,White,1982-11-14,Other,Cyprus,2020-08-04
70,Carrie,Li,1964-05-05,Female,Tuvalu,2016-10-09
71,Bailey,Jackson,1973-11-21,Male,Samoa,2016-07-24
72,Cheyenne,Diaz,1997-09-09,Other,Algeria,2024-02-13
73,Christy,Cuevas,1955-08-22,Female,Papua New Guinea,2019-02-22
74,Joyce,Gutierrez,1953-12-17,Other,Malta,2016-09-29
75,Megan,Armstrong,2003-04-07,Other,Poland,2018-05-24
76,Haley,Mcgee,1967-06-11,Male,Puerto Rico,2025-02-04
77,Dale,Long,1991-07-16,Female,Denmark,2015-05-09
78,John,Stewart,1966-10-20,Male,Bhutan,2022-11-24
79,Charles,Browning,1994-04-01,Female,Jordan,2024-12-12
80,Erica,Martin,2005-01-20,Female,Somalia,2025-03-08
81,John,Martinez,1950-01-01,Other,Saint Helena,2016-07-31
82,Lisa,Jackson,1995-11-19,Female,Vietnam,2023-01-29
83,Robert,Schultz,1975-01-10,Other,Jordan,2025-04-12
84,Brittany,Campbell,1995-09-03,Male,Singapore,2021-05-09
85,Joshua,Flores,1954-08-04,Other,Palau,2024-06-01
86,Marco,Williams,1944-06-05,Male,Guyana,2016-08-17
87,Robert,Wilkins,1980-10-16,Female,Svalbard & Jan Mayen Islands,2024-07-10
88,Alyssa,Martinez,1963-06-17,Female,Georgia,2022-08-31
89,Deanna,King,1959-01-04,Other,Cuba,2024-01-31
90,James,Nelson,1997-06-23,Other,Tajikistan,2019-06-07
91,Morgan,Colon,1982-11-13,Male,Micronesia,2024-01-06
92,Karen,Carr,2003-11-12,Female,Afghanistan,2020-11-03
93,Mindy,Mendez,1990-04-05,Other,American Samoa,2020-01-13
94,William,Key,1950-11-14,Other,Senegal,2023-01-23
95,David,Smith,1992-10-03,Other,Palestinian Territory,2017-07-18
96,Alicia,Clark,1980-01-14,Other,Djibouti,2023-10-10
97,Kathryn,Lewis,1976-10-22,Other,Antigua and Barbuda,2016-12-10
98,James,West,1961-05-14,Female,Albania,2019-12-20
99,Ashley,Willis,1975-07-17,Other,Sri Lanka,2016-04-17
100,Jonathan,Rodriguez,1950-04-19,Female,Honduras,2022-06-27
101,Rachel,Haynes,1967-02-19,Other,Gambia,2020-05-16
102,Meghan,Klein,2002-07-10,Male,Cameroon,2024-10-02
103,Lance,Kerr,1983-03-02,Other,Bouvet Island (Bouvetoya),2022-05-28
104,Brittney,Dalton,1972-03-14,Male,Cape Verde,2020-08-19
105,Calvin,Alvarez,1986-10-25,Other,Argentina,2022-05-16
106,James,Rodriguez,1988-01-28,Female,Cayman Islands,2016-06-21
107,Ryan,Marshall,1965-04-15,Male,Cambodia,2018-03-26
108,Melissa,Hernandez,1989-04-24,Male,Turkey,2025-04-29
109,Amy,Horton,1996-11-09,Other,Bangladesh,2017-05-16
110,Jacob,Harper,1983-06-04,Male,Tajikistan,2016-07-15
111,Michael,Schmidt,1947-12-08,Other,Dominican Republic,2016-09-22
112,Carmen,Cruz,1999-01-16,Female,Hungary,2020-11-12
113,Mark,Harris,1961-09-24,Male,Solomon Islands,2024-11-05
114,Christine,Cunningham,1993-03-05,Male,Belgium,2022-04-22
115,Melissa,King,2001-04-14,Female,France,2023-11-06
116,Victoria,Welch,1985-04-03,Female,Azerbaijan,2022-05-03
117,William,Lynch,2000-07-03,Male,Denmark,2024-06-23
118,Kelly,Brewer,1983-01-27,Other,Canada,2020-04-08
119,Jeffrey,Bridges,1985-08-17,Other,Antarctica (the territory South of 60 deg S),2024-12-27
120,Heather,Clark,1994-02-26,Other,Eritrea,2017-06-09
121,Travis,Nelson,1993-05-17,Female,Lebanon,2021-11-17
122,Sandra,Arnold,1968-10-21,Other,Antigua and Barbuda,2020-06-30
123,Julia,Weaver,1973-11-07,Male,Indonesia,2015-09-23
124,Melissa,Stafford,1958-09-01,Female,Israel,2017-06-26
125,Claire,Green,2006-12-08,Other,Mayotte,2018-09-26
126,Edward,Sanders,1999-08-08,Female,Hungary,2024-11-11
127,Cheyenne,Moss,1998-03-17,Female,Malaysia,2019-09-09
128,Karen,Baker,2004-01-21,Other,Kuwait,2020-07-22
129,Nicole,Griffin,1999-07-10,Female,Christmas Island,2022-01-23
130,Richard,Hawkins,1983-04-10,Male,Saint Martin,2019-01-08
131,Allison,Rogers,1961-11-20,Male,Bahrain,2024-07-15
132,Steven,Murray,1953-08-17,Female,Timor-Leste,2017-10-15
133,Justin,Smith,1966-03-07,Male,Eritrea,2020-09-03
134,Jon,Cline,1990-01-19,Male,Antarctica (the territory South of 60 deg S),2021-01-23
135,David,Gill,1989-08-18,Male,Ecuador,2023-12-11
136,Daniel,Brown,1949-01-09,Other,Brunei Darussalam,2023-06-18
137,Melanie,Ho,1999-05-13,Other,South Africa,2018-05-30
138,Timothy,Dominguez,1948-11-28,Male,Korea,2016-11-20
139,Cody,Young,1998-02-11,Male,Albania,2025-03-06
140,Selena,Nelson,2003-07-20,Female,Cameroon,2015-06-21
141,Ashley,Hernandez,1948-03-30,Female,Gibraltar,2020-05-14
142,Jose,Martinez,1982-10-07,Female,Niue,2025-04-25
143,John,Morrison,1946-02-23,Female,Nepal,2016-07-04
144,Kevin,Barnett,1944-06-12,Female,Slovakia (Slovak Republic),2022-11-22
145,Jessica,Fleming,2000-04-27,Other,Lao People's Democratic Republic,2024-05-23
146,Steven,Goodman,1972-06-23,Other,Mauritius,2019-05-22
147,Teresa,Harris,1988-06-20,Other,Solomon Islands,2025-03-11
148,Jared,Moran,1999-10-03,Other,Czech Republic,2024-04-19
149,Richard,May,2001-09-24,Female,Guernsey,2020-01-14
150,Bradley,Collins,2004-11-04,Male,Vanuatu,2016-08-15
151,Danny,Gilmore,1969-12-16,Female,Macao,2016-10-13
152,Elizabeth,Wilson,1997-10-30,Other,Azerbaijan,2019-08-06
153,William,Nelson,2003-03-01,Other,Myanmar,2023-09-24
154,Joshua,Mckinney,1994-11-26,Female,Algeria,2019-06-21
155,Jennifer,Wilson,1952-04-28,Other,Anguilla,2016-11-03
156,Katelyn,Schmidt,1998-08-28,Female,Malta,2016-07-05
157,James,Lee,1964-01-15,Female,Angola,2016-01-06
158,Steven,Wilson,1952-12-29,Other,Grenada,2023-02-07
159,Charles,Patton,1953-08-11,Male,Heard Island and McDonald Islands,2018-09-28
160,Michael,Jones,1968-07-31,Other,Colombia,2020-09-21
161,Luis,Green,1948-07-21,Female,Guam,2016-04-16
162,April,Wade,1980-01-06,Male,Azerbaijan,2020-07-03
163,Alexander,Diaz,1969-09-04,Other,Taiwan,2021-12-28
164,Pamela,Phillips,1949-12-03,Other,Seychelles,2023-12-22
165,Jennifer,Glover,1962-10-20,Female,United States Minor Outlying Islands,2017-07-24
166,Anthony,Reyes,1993-06-18,Female,Guinea-Bissau,2021-04-03
167,Joanne,Stanley,1998-02-21,Other,Burkina Faso,2016-02-01
168,Nathan,Johnson,1975-09-19,Male,Indonesia,2023-12-28
169,Kyle,Warren,1955-06-03,Other,Solomon Islands,2023-11-27
170,Mark,Dillon,1994-09-26,Female,Gambia,2024-08-01
171,Brian,Webb,1991-09-07,Female,Iran,2020-11-03
172,Mark,Miller,1990-02-13,Female,Dominica,2021-01-17
173,Pamela,Castillo,1945-11-30,Other,Reunion,2020-06-20
174,Makayla,Pacheco,1970-12-30,Male,North Macedonia,2019-06-07
175,Steven,Cole,2004-03-10,Male,Antigua and Barbuda,2025-01-10
176,Noah,Moore,1984-08-02,Other,Uzbekistan,2020-01-24
177,Morgan,Parker,1972-09-06,Male,Fiji,2016-06-19
178,Matthew,Miller,1997-12-20,Other,Mali,2022-10-08
179,Kimberly,Mendez,1968-06-22,Other,Pakistan,2018-06-29
180,Crystal,Reyes,1978-03-07,Other,Latvia,2016-09-14
181,Michelle,Hawkins,1952-02-09,Female,China,2023-12-30
182,Bryan,Rogers,1999-07-05,Male,Brunei Darussalam,2016-01-08
183,Candace,Lopez,1999-10-19,Other,Burundi,2015-08-18
184,Ronald,Archer,1976-05-19,Female,Comoros,2017-03-02
185,Nicholas,Wolfe,2002-01-12,Female,India,2018-02-13
186,Dawn,Melendez,1978-08-05,Female,Mauritius,2018-08-16
187,Erica,Hall,1969-04-18,Female,Mexico,2021-10-05
188,Samantha,French,1946-11-09,Male,Switzerland,2021-05-05
189,Daniel,Cowan,1984-07-08,Male,Honduras,2021-06-16
190,Ana,Lozano,1991-09-20,Female,Gambia,2015-06-16
191,Justin,Buck,1945-09-15,Female,Guinea,2017-06-05
192,Patricia,West,1972-01-07,Male,Denmark,2021-10-18
193,Thomas,Wood,1988-07-12,Male,Greece,2024-06-25
194,Jennifer,White,1978-08-30,Female,French Polynesia,2019-09-09
195,Shannon,Keith,2002-04-05,Male,Bouvet Island (Bouvetoya),2024-05-29
196,Randall,Payne,1998-08-20,Other,Cambodia,2020-11-04
197,David,Ross,1980-12-22,Male,Sweden,2021-12-21
198,Martin,Nelson,2000-04-06,Female,Australia,2022-07-31
199,Troy,Browning,2003-10-02,Female,Palau,2017-07-20
200,Amy,Sexton,1963-05-24,Male,Turkey,2016-11-20
201,Karen,Fields,1996-10-01,Male,Bahamas,2015-09-07
202,Warren,Davidson,1986-11-29,Female,Solomon Islands,2019-09-02
203,Christopher,Howell,1982-11-04,Male,Saint Vincent and the Grenadines,2018-07-15
204,Rhonda,Cook,1956-11-25,Male,Dominica,2019-02-24
205,Mary,Hardy,1997-11-29,Male,Lesotho,2015-05-06
206,Sabrina,Ford,1956-02-03,Female,Saint Kitts and Nevis,2021-01-19
207,Christine,Chung,1989-09-12,Female,Burkina Faso,2024-01-01
208,James,Anderson,1972-07-08,Other,Belarus,2021-09-04
209,Allison,Bell,1979-12-24,Other,Taiwan,2015-09-25
210,Joe,Miller,1970-08-19,Female,Malawi,2016-10-19
211,Dennis,Gillespie,1976-09-26,Other,British Indian Ocean Territory (Chagos Archipelago),2015-08-07
212,Patrick,Haynes,2000-11-05,Other,Svalbard & Jan Mayen Islands,2019-10-10
213,Dwayne,Bauer,1999-02-02,Female,Hong Kong,2022-12-30
214,Thomas,Ramirez,1954-08-27,Female,Luxembourg,2024-06-01
215,Robert,Avila,1997-01-18,Female,Dominica,2020-08-06
216,Darrell,Baird,1990-11-09,Other,Chad,2024-06-10
217,Leroy,Franklin,1961-03-21,Female,Norway,2015-12-11
218,Raymond,Trevino,1960-05-15,Male,Norway,2024-01-21
219,Amy,Long,1948-08-24,Male,Palestinian Territory,2015-06-07
220,James,Higgins,1979-09-14,Female,Taiwan,2017-03-19
221,Arthur,Farrell,1994-06-10,Other,British Indian Ocean Territory (Chagos Archipelago),2021-08-22
222,Sherry,Little,2006-09-07,Female,India,2017-05-02
223,Elizabeth,Moss,1953-02-18,Male,Belarus,2016-12-18
224,Albert,Jackson,1951-11-22,Female,Seychelles,2023-03-21
225,Melissa,Howard,1975-04-04,Female,Marshall Islands,2020-02-28
226,Kathleen,Vance,1995-03-10,Female,Philippines,2021-02-03
227,William,Townsend,1954-02-18,Female,Bouvet Island (Bouvetoya),2020-12-21
228,John,Stewart,1979-05-04,Other,San Marino,2022-01-30
229,David,Walters,1965-03-21,Female,Guatemala,2023-01-08
230,Nicholas,Robertson,1967-07-30,Other,Jersey,2020-10-20
231,Karen,Singh,1982-01-28,Male,Singapore,2020-07-16
232,Tammy,Clark,1993-08-19,Male,Jersey,2015-09-22
233,Jacob,Anderson,2000-01-17,Other,Guernsey,2022-08-31
234,Peggy,Collins,2002-09-24,Female,Nigeria,2022-07-22
235,Jamie,Smith,1964-07-03,Male,Argentina,2022-11-30
236,Sarah,Miller,2001-05-10,Female,Falkland Islands (Malvinas),2019-05-16
237,Jennifer,Herrera,1963-02-07,Female,Afghanistan,2016-01-23
238,Samantha,Torres,2000-11-10,Male,China,2016-04-20
239,Kimberly,Page,1952-01-06,Male,Myanmar,2020-05-22
240,Gregory,Parker,2006-01-04,Male,Greenland,2019-06-18
241,Joseph,Blake,1952-09-28,Other,Guam,2016-02-03
242,Timothy,Swanson,1970-01-31,Female,Slovakia (Slovak Republic),2023-05-26
243,Julie,Mata,1952-12-12,Male,Korea,2016-11-21
244,Sonya,Herman,1986-06-25,Male,British Virgin Islands,2022-02-23
245,Maria,Johnson,1999-02-17,Other,Turkmenistan,2021-07-30
246,Michele,Hansen,1986-03-12,Male,Martinique,2018-01-02
247,Calvin,Ramirez,1998-10-01,Female,Austria,2025-01-01
248,Brady,Wolf,2000-08-26,Female,Benin,2021-05-22
249,Desiree,Hart,1959-11-01,Other,Georgia,2024-03-27
250,Adam,Werner,1978-11-16,Other,Congo,2016-03-16
251,Kristen,Fry,1947-09-20,Female,Estonia,2021-11-25
252,April,Hill,1984-03-05,Female,Tunisia,2015-10-24
253,Richard,Lopez,1978-09-24,Male,Mexico,2021-09-25
254,Norman,Harmon,1975-08-31,Male,Madagascar,2018-11-06
255,Dawn,Spencer,1958-10-28,Female,Cote d'Ivoire,2023-07-07
256,Amanda,Oliver,1994-08-25,Female,India,2018-11-01
257,Adam,Wang,1995-05-16,Other,Bahrain,2020-04-29
258,Megan,Ferrell,1959-11-21,Male,Liechtenstein,2022-07-04
259,Jessica,Nguyen,1966-09-01,Other,Guatemala,2021-06-03
260,Victoria,Ward,1996-08-15,Female,Indonesia,2020-03-26
261,Angela,Mata,1962-06-27,Female,Honduras,2016-06-09
262,Kevin,Park,2000-04-16,Other,Cook Islands,2017-02-23
263,Brendan,Martinez,1987-04-30,Male,Montserrat,2015-05-22
264,Sarah,Houston,1996-08-11,Male,Congo,2018-10-27
265,Julie,Sanchez,1987-08-03,Female,Dominican Republic,2022-11-26
266,Brooke,Frank,1990-10-28,Other,Botswana,2018-07-03
267,Donald,Braun,2006-08-21,Female,Colombia,2019-02-23
268,Anne,Myers,1993-09-10,Male,United States of America,2023-07-06
269,Ian,Thompson,1954-03-21,Other,Micronesia,2016-02-14
270,Logan,Rodriguez,1960-01-04,Other,Togo,2021-03-22
271,Anthony,Griffin,1982-10-19,Other,British Indian Ocean Territory (Chagos Archipelago),2021-09-08
272,Stephanie,Davis,1946-09-14,Female,Swaziland,2019-11-26
273,Rhonda,Valenzuela,1969-06-28,Female,Guam,2024-01-16
274,Sharon,Kennedy,1995-05-25,Female,Ethiopia,2022-04-27
275,Ryan,Roberts,1979-02-04,Female,Gabon,2022-10-07
276,Kelli,Bennett,1952-11-24,Female,Dominica,2016-10-24
277,Brian,Carter,1954-07-12,Male,Suriname,2016-04-23
278,Collin,Reyes,1972-12-24,Male,Romania,2022-12-09
279,Lori,Silva,1947-12-02,Other,Saudi Arabia,2015-06-20
280,Heather,Edwards,1989-06-16,Female,Marshall Islands,2017-07-04
281,Allison,Knox,1992-01-05,Female,Vietnam,2016-01-07
282,Aaron,Johnson,1999-11-30,Female,Bahrain,2021-04-09
283,Stephanie,Chan,1948-04-11,Male,Canada,2024-07-27
284,Christine,Williams,1985-07-01,Female,Turkey,2018-09-15
285,Doris,Wright,1949-08-17,Other,Costa Rica,2020-05-22
286,Curtis,Fitzpatrick,1995-06-06,Other,Liberia,2018-12-18
287,John,Black,1978-08-22,Male,Ghana,2020-08-21
288,Alison,Patrick,1954-09-03,Male,Moldova,2025-01-04
289,Christina,Martin,1969-09-27,Male,Puerto Rico,2017-11-25
290,Carrie,Mccoy,1986-07-01,Other,Trinidad and Tobago,2024-12-31
291,Tara,Bryant,1998-07-16,Male,Comoros,2019-07-08
292,Jacob,Perkins,1997-11-21,Other,Anguilla,2016-09-14
293,Vanessa,Wright,1972-05-05,Male,Luxembourg,2018-06-03
294,Christopher,Delacruz,1956-10-08,Male,Bangladesh,2016-11-27
295,Phyllis,Garza,1969-04-08,Male,Heard Island and McDonald Islands,2015-05-10
296,Timothy,Ramos,2002-09-01,Male,Israel,2018-06-04
297,Haley,Wright,1973-03-27,Female,Turks and Caicos Islands,2024-08-27
298,Teresa,Blanchard,2006-05-09,Female,Saint Barthelemy,2020-10-03
299,Joshua,Weber,1993-10-26,Other,Kenya,2022-07-01
300,Jesse,Lawson,1967-08-16,Male,Yemen,2021-10-21
301,Patricia,Bryant,1977-04-06,Other,Azerbaijan,2023-05-01
302,Elizabeth,Russo,1970-09-01,Other,Madagascar,2018-07-15
303,Lisa,Cole,1987-12-18,Male,Saint Helena,2023-01-21
304,Cynthia,Perez,1977-08-13,Male,Liechtenstein,2018-09-12
305,Dawn,Thomas,1962-03-22,Female,Switzerland,2024-10-16
306,Edward,Schultz,1957-03-15,Other,Gabon,2024-05-19
307,Diana,Moody,2003-12-23,Other,Moldova,2024-10-02
308,Sarah,Wilson,1992-04-28,Female,Samoa,2019-12-11
309,Dale,Davis,1960-09-29,Female,Sierra Leone,2024-04-08
310,Allison,Anderson,1964-04-19,Female,Luxembourg,2020-01-15
311,Sabrina,Hoffman,1980-10-29,Male,Zimbabwe,2020-02-05
312,Emily,Thomas,1980-04-08,Male,Cote d'Ivoire,2022-07-09
313,Stephanie,Price,2003-05-23,Female,American Samoa,2024-08-25
314,James,Anderson,1995-11-15,Male,Hong Kong,2015-12-06
315,William,Ramirez,1944-09-23,Male,Panama,2017-04-19
316,Taylor,Allen,1968-02-26,Other,Panama,2016-09-25
317,Alex,Richardson,1986-08-05,Female,Eritrea,2020-01-01
318,Gloria,Madden,1996-08-29,Other,Portugal,2021-07-14
319,Paul,Patel,1950-10-09,Female,Bangladesh,2024-09-23
320,Renee,Chavez,2004-05-27,Male,Brazil,2019-01-02
321,Olivia,Wise,1946-09-01,Female,Saint Pierre and Miquelon,2018-10-06
322,Annette,Garcia,1957-10-15,Other,Turks and Caicos Islands,2018-02-06
323,Cindy,Jones,1951-04-26,Female,Singapore,2022-12-24
324,Angela,Wilson,2007-03-04,Male,Saint Pierre and Miquelon,2018-10-09
325,Taylor,Thompson,2000-01-16,Female,Aruba,2019-05-07
326,Stephanie,Kane,1956-02-19,Male,Guyana,2016-05-02
327,Wendy,Cervantes,1951-05-25,Female,Monaco,2022-09-06
328,Stephen,Myers,1975-04-20,Other,Belarus,2024-04-06
329,Shane,Martinez,1947-10-23,Female,Burkina Faso,2022-11-07
330,Regina,Serrano,1964-02-15,Female,Hungary,2018-07-15
331,Patricia,Soto,1998-04-17,Other,Cote d'Ivoire,2024-12-31
332,Jonathan,Curry,1975-12-20,Male,Cayman Islands,2025-01-11
333,Phillip,Bennett,1966-10-02,Male,Serbia,2021-03-14
334,Amy,Morrison,1987-12-15,Other,Costa Rica,2018-10-04
335,Michael,Johnson,1998-09-23,Female,Sri Lanka,2020-07-25
336,Jonathan,Richardson,2006-03-27,Female,Peru,2022-12-12
337,Timothy,Anderson,1951-03-16,Female,Cyprus,2024-12-25
338,Wendy,Cobb,1970-04-08,Male,Falkland Islands (Malvinas),2016-07-06
339,Charles,Stout,1953-10-26,Other,Portugal,2020-05-10
340,Brianna,Taylor,1978-10-19,Other,Gambia,2016-10-21
341,Rachel,White,1987-09-03,Male,Portugal,2022-10-20
342,Charles,Griffith,1987-02-25,Other,Hong Kong,2020-02-25
343,Ashley,Johnson,2003-06-23,Male,Nepal,2017-06-15
344,Daniel,Lloyd,1982-10-22,Female,Lao People's Democratic Republic,2022-03-29
345,Lisa,Campbell,1952-05-24,Female,Bulgaria,2015-06-28
346,Rebecca,Zuniga,1983-04-25,Male,United States Minor Outlying Islands,2022-03-10
347,Linda,Buckley,2003-02-28,Male,Estonia,2025-01-08
348,Madison,Green,1954-07-22,Male,Faroe Islands,2023-04-23
349,Carolyn,Armstrong,2005-07-15,Female,Guadeloupe,2020-11-21
350,Diane,Martin,1971-12-11,Male,Ecuador,2024-03-08
351,Alexandra,Garcia,1982-09-11,Other,Dominican Republic,2022-10-18
352,Katrina,Edwards,1990-12-04,Male,Gabon,2024-09-08
353,Charles,Campbell,1964-02-28,Female,Portugal,2018-08-24
354,Luis,Williams,2001-10-06,Female,Togo,2021-09-04
355,Maria,Brown,1992-04-02,Male,Bouvet Island (Bouvetoya),2024-11-23
356,Steven,Baker,2003-03-18,Other,Azerbaijan,2024-05-01
357,James,Ellis,1965-10-07,Other,Togo,2023-11-22
358,Jesse,Butler,1963-09-20,Other,Zimbabwe,2021-02-25
359,Stacy,Carter,1999-01-10,Female,Thailand,2020-09-05
360,Joseph,Schroeder,1975-04-10,Other,Tuvalu,2024-03-29
361,Cynthia,Garner,1996-06-17,Other,Guyana,2016-09-07
362,Christine,Vaughn,1982-11-20,Other,Cambodia,2024-06-04
363,Daniel,Davenport,1945-01-27,Male,Namibia,2025-01-29
364,Jamie,Mitchell,1959-09-15,Male,Isle of Man,2015-10-11
365,Rachel,Murray,1970-05-01,Other,Guinea,2016-10-19
366,James,Jackson,1965-10-04,Male,Tonga,2019-02-10
367,Megan,Rodriguez,2003-08-30,Other,Ireland,2021-06-08
368,Alexis,Chavez,1961-01-20,Female,France,2019-03-14
369,Alyssa,Wilson,2003-01-15,Female,Bouvet Island (Bouvetoya),2016-04-24
370,Gina,Carpenter,1962-03-14,Female,Romania,2015-06-19
371,Benjamin,Walters,1989-06-06,Female,Saint Vincent and the Grenadines,2025-01-05
372,Aaron,Cox,1978-08-24,Other,Sierra Leone,2024-04-26
373,Kristina,Gibson,1988-06-03,Female,Cuba,2021-11-01
374,Philip,Dunn,2005-05-27,Other,Kenya,2019-09-27
375,Shane,Collier,1998-01-15,Other,Dominican Republic,2024-06-10
376,Timothy,George,1981-01-27,Other,Aruba,2015-06-13
377,Jerry,Franklin,1983-04-28,Other,Burkina Faso,2020-04-23
378,Luke,Jordan,1992-05-24,Female,Bermuda,2023-05-06
379,Megan,Hughes,1985-12-18,Male,Denmark,2023-03-05
380,Jason,Soto,1944-12-05,Male,United Arab Emirates,2025-01-05
381,Ethan,Rubio,1976-09-27,Male,Madagascar,2020-06-08
382,Jennifer,Kim,1996-05-18,Female,Philippines,2015-11-13
383,Brenda,Cantu,1963-07-18,Male,Belgium,2023-03-18
384,Katherine,Clayton,1981-05-18,Female,Norway,2019-03-30
385,Jared,Garcia,1976-05-28,Male,Cameroon,2022-05-07
386,Elizabeth,Hicks,1945-06-24,Male,Palestinian Territory,2018-03-23
387,April,Garcia,1978-08-12,Female,Seychelles,2021-08-12
388,David,Anderson,1952-03-04,Male,South Georgia and the South Sandwich Islands,2020-04-10
389,Melissa,Aguirre,2003-04-15,Other,Congo,2021-09-21
390,Frederick,Thomas,1999-03-10,Male,Lithuania,2024-12-27
391,Tracy,Morris,1968-11-04,Female,Bangladesh,2021-09-17
392,Christopher,Sullivan,2004-05-16,Male,France,2015-05-06
393,Stephanie,Levine,1948-02-01,Other,Singapore,2019-04-13
394,Joshua,Smith,1978-07-12,Female,Venezuela,2021-10-25
395,Alejandro,Ward,1996-10-19,Female,Belarus,2020-08-19
396,Mary,Krueger,1969-03-01,Male,Nicaragua,2017-11-05
397,Daniel,Thompson,1986-08-27,Other,Pitcairn Islands,2023-01-12
398,Diana,Clark,1970-01-19,Male,Zimbabwe,2017-06-14
399,Jeffrey,Marquez,1992-03-25,Female,American Samoa,2017-07-04
400,Roger,Williams,1982-03-05,Male,Lesotho,2015-09-25
401,Kim,Santiago,1964-07-25,Female,Jamaica,2017-01-24
402,Anthony,Herrera,1988-09-01,Female,Burkina Faso,2020-09-16
403,Stanley,Martinez,1999-10-04,Female,Sao Tome and Principe,2024-10-02
404,Diane,James,1975-12-17,Female,Samoa,2020-07-29
405,James,Jackson,1945-04-27,Male,Switzerland,2022-01-19
406,Eric,Riley,1983-11-12,Other,Holy See (Vatican City State),2015-11-23
407,Julie,Berg,1967-03-27,Male,Spain,2022-06-24
408,Thomas,Sanders,1948-05-21,Other,Cameroon,2019-07-12
409,Robert,Johnson,1980-03-27,Male,China,2021-12-21
410,Alyssa,Townsend,1963-02-04,Male,Pitcairn Islands,2022-09-03
411,David,Brown,1957-07-08,Female,Bermuda,2024-03-02
412,William,Edwards,1948-06-05,Female,India,2023-12-12
413,Susan,Le,1960-07-18,Male,Vanuatu,2023-07-28
414,Marc,Lynn,1945-12-23,Male,Japan,2018-12-29
415,Stephen,Hicks,1997-01-12,Male,Finland,2018-03-17
416,Donald,Gay,1944-09-10,Female,Cambodia,2017-11-01
417,Mary,Jackson,1975-11-27,Male,Ireland,2020-11-07
418,John,Quinn,1987-08-22,Other,Saint Lucia,2015-12-29
419,Claire,Hood,1947-03-14,Female,Bahrain,2025-04-16
420,Theresa,Hill,1956-02-02,Male,Cape Verde,2021-08-04
421,Catherine,Jackson,1987-08-02,Male,Norway,2018-09-09
422,Priscilla,Underwood,1981-01-14,Other,Burundi,2016-07-20
423,Amber,Bolton,1955-02-25,Other,Thailand,2019-03-15
424,Thomas,Butler,1947-04-02,Male,Taiwan,2017-11-10
425,Arthur,Chase,1959-01-05,Other,Eritrea,2015-05-29
426,Felicia,Simon,1969-11-06,Other,Palestinian Territory,2018-04-19
427,Tina,Perez,1978-11-29,Male,New Zealand,2024-06-16
428,Dylan,Reese,1946-04-04,Male,Eritrea,2023-05-16
429,Travis,Burns,1951-07-02,Male,Cambodia,2019-11-24
430,Alyssa,Wilcox,1976-11-10,Male,Portugal,2018-04-15
431,Andre,White,1998-03-29,Female,Azerbaijan,2022-02-28
432,Natasha,Wilson,1976-09-17,Male,French Southern Territories,2017-10-09
433,Gregory,Benitez,1959-05-19,Female,Seychelles,2020-11-04
434,Stephanie,Cruz,1945-05-14,Female,Namibia,2022-06-24
435,Jacob,Jones,1961-10-28,Male,Cyprus,2019-03-04
436,Gabriella,Harrington,1953-10-22,Male,United States of America,2017-03-30
437,Justin,Hogan,2000-12-17,Male,Sierra Leone,2017-05-10
438,Eric,Morton,1987-08-30,Female,Tanzania,2023-03-23
439,Monica,Murphy,1973-06-01,Male,Nauru,2015-05-31
440,Cheryl,Henry,1993-08-17,Female,Switzerland,2015-11-26
441,Diana,Randall,1987-02-28,Other,Switzerland,2015-05-28
442,Ashley,Ward,1951-08-11,Other,Marshall Islands,2024-05-21
443,Mary,Carter,1986-03-21,Other,Liberia,2023-02-26
444,Danny,Mcgrath,1976-06-21,Other,United States Minor Outlying Islands,2025-04-27
445,Jesse,Donovan,1992-11-04,Female,Djibouti,2023-09-21
446,Lisa,Jackson,1993-11-22,Other,Faroe Islands,2021-11-24
447,Richard,Lopez,2004-01-30,Male,Bosnia and Herzegovina,2017-06-03
448,Kimberly,Palmer,1971-09-06,Male,Kyrgyz Republic,2015-06-22
449,Margaret,Alexander,1970-10-20,Male,Panama,2022-10-13
450,Kenneth,Johnson,1960-01-18,Male,Denmark,2020-07-31
451,Karl,Burnett,1989-02-15,Female,Grenada,2017-07-01
452,Stacey,Neal,1963-12-07,Female,Bulgaria,2018-04-11
453,Stacey,Alvarez,1962-09-03,Other,Kenya,2021-01-04
454,Todd,Reid,2004-05-06,Female,Japan,2016-05-30
455,Nancy,Gutierrez,1981-09-02,Other,Costa Rica,2023-04-18
456,Jessica,Brown,1991-01-17,Female,Moldova,2020-04-13
457,Gina,Rodriguez,1970-11-15,Male,Venezuela,2017-06-24
458,Erica,Ross,2005-05-16,Female,Spain,2021-09-25
459,William,Raymond,1979-03-24,Other,Bosnia and Herzegovina,2021-05-16
460,Michael,Reid,1959-11-12,Male,Mayotte,2017-09-06
461,Raven,Jones,1974-10-02,Other,Mauritania,2020-12-15
462,Valerie,Mora,1978-05-24,Male,Haiti,2018-06-04
463,Juan,Thomas,2002-06-21,Female,Panama,2022-05-06
464,Robert,Hill,1955-12-26,Male,Norway,2019-12-24
465,Ronald,Jacobs,1972-10-30,Male,Cocos (Keeling) Islands,2020-05-29
466,Jeffrey,Murphy,1945-04-10,Female,Greece,2020-01-24
467,Peter,Garcia,2004-04-24,Other,Bahrain,2016-09-22
468,Ashley,Berry,1971-04-12,Other,Kuwait,2019-10-21
469,Margaret,York,1988-03-21,Male,Dominica,2019-03-29
470,Andrew,Harris,1973-10-14,Male,Philippines,2024-09-05
471,Mary,Dean,1964-03-02,Other,Tuvalu,2015-05-18
472,Monica,Ford,1979-03-22,Male,Paraguay,2017-08-13
473,Crystal,Maynard,1987-11-21,Other,Azerbaijan,2015-09-06
474,David,Scott,1975-08-30,Male,United States Minor Outlying Islands,2020-10-14
475,Dawn,Stevens,1964-09-26,Female,Turks and Caicos Islands,2020-07-23
476,Charles,Hunt,1973-02-25,Other,Saint Martin,2021-10-11
477,Madison,Griffin,1977-06-25,Other,Malta,2020-07-01
478,Lauren,Ryan,1948-10-03,Female,Switzerland,2023-01-08
479,Zachary,Murphy,2000-12-10,Other,New Zealand,2020-10-20
480,Derek,Thomas,1986-12-03,Male,Italy,2017-07-20
481,Michele,Barajas,2004-03-07,Male,France,2024-10-18
482,Tracie,Baker,1967-10-13,Female,Dominican Republic,2017-05-20
483,Melissa,Coleman,1950-02-25,Male,French Southern Territories,2019-04-14
484,Jennifer,Hill,1966-04-27,Female,Italy,2023-03-21
485,Jonathan,Foster,1999-12-01,Other,Burkina Faso,2020-08-12
486,Connie,Brown,1976-05-22,Male,Guatemala,2017-07-06
487,Michael,Conway,2005-05-05,Female,Seychelles,2016-10-15
488,Frank,Thompson,1993-02-14,Female,Lithuania,2023-04-25
489,Nicholas,Mcbride,1954-08-17,Other,French Guiana,2023-12-03
490,Angela,Roberson,1997-11-04,Female,Oman,2016-02-28
491,Alexis,Chang,1968-05-25,Male,Congo,2017-05-24
492,Robert,Burton,1950-11-07,Male,Ethiopia,2022-08-02
493,Aaron,Hansen,1968-01-31,Male,British Virgin Islands,2025-02-17
494,Timothy,Crawford,1962-01-02,Other,French Southern Territories,2020-07-10
495,William,Yang,1986-03-21,Female,Central African Republic,2016-06-25
496,Ryan,Roberts,1984-03-21,Female,Bosnia and Herzegovina,2020-03-06
497,Kristen,Lowe,1968-08-13,Male,Gambia,2018-12-29
498,Rebecca,Watts,1982-11-30,Female,Uruguay,2020-08-28
499,Rachel,Michael,1974-06-12,Other,Bhutan,2023-03-19
500,John,Long,1977-07-06,Other,Ukraine,2022-02-05
501,Robert,Jackson,2005-10-11,Male,Tonga,2015-08-14
502,Justin,Camacho,2001-11-05,Other,Guatemala,2021-08-14
503,Lauren,Phelps,2000-03-21,Other,Serbia,2024-08-29
504,Kenneth,Richardson,1968-08-07,Female,Svalbard & Jan Mayen Islands,2024-11-12
505,Lauren,Schmidt,1949-05-19,Female,Svalbard & Jan Mayen Islands,2024-10-25
506,Matthew,Ramirez,1964-05-10,Male,Uzbekistan,2022-05-08
507,Rhonda,Thomas,1959-09-24,Other,Cote d'Ivoire,2022-08-28
508,Tanya,Logan,2001-05-23,Male,Ghana,2020-11-25
509,Michael,Owens,1947-07-15,Other,Yemen,2018-01-06
510,John,Murphy,1994-03-13,Female,Cayman Islands,2016-10-24
511,Caroline,Lucas,1974-02-23,Male,United States Minor Outlying Islands,2024-05-04
512,Jesse,Brown,1962-05-01,Female,Nigeria,2016-07-10
513,Andre,Martin,1982-04-22,Female,China,2015-09-10
514,Monica,Williams,1976-04-14,Female,Papua New Guinea,2020-12-21
515,Veronica,Berry,1958-10-07,Female,Saint Martin,2024-02-19
516,Kristin,Smith,1972-12-12,Male,Liberia,2024-10-14
517,April,Cox,2007-03-10,Female,Kenya,2018-12-17
518,Wendy,Mitchell,2000-07-30,Other,Gambia,2025-04-08
519,Peggy,Archer,1962-06-27,Other,Madagascar,2020-12-13
520,Jacob,Daniel,1949-04-01,Female,Sao Tome and Principe,2016-07-04
521,David,Rogers,1998-07-09,Female,Lithuania,2018-04-02
522,Cameron,Lang,2001-04-08,Female,Vanuatu,2024-03-15
523,Judy,Gonzalez,1975-07-06,Male,Madagascar,2022-06-29
524,Andrew,Jones,1983-04-16,Female,Dominica,2025-01-23
525,Lisa,Lee,2004-08-01,Female,Luxembourg,2017-07-31
526,Sharon,Brown,1995-10-23,Female,Guinea,2018-05-17
527,Michael,Elliott,1962-11-11,Other,Nepal,2020-11-06
528,Leslie,Reyes,1946-01-18,Other,Mexico,2021-02-17
529,Christine,Stuart,1993-01-22,Female,Holy See (Vatican City State),2015-09-05
530,James,Velasquez,1984-10-11,Female,Portugal,2018-12-23
531,Julie,Smith,1997-02-24,Female,Colombia,2021-09-26
532,Mark,Hess,2007-02-17,Male,Morocco,2018-07-14
533,Lisa,Foster,2005-10-05,Other,Tokelau,2018-03-28
534,Richard,Rosales,1981-11-17,Other,Cameroon,2015-12-06
535,Adrian,Daniels,1964-07-21,Other,Botswana,2017-06-09
536,Jessica,Collins,1987-07-09,Male,Namibia,2016-08-24
537,Elijah,Lewis,1982-12-23,Male,Trinidad and Tobago,2023-04-27
538,Brittany,Contreras,1991-01-02,Female,United States of America,2017-06-27
539,Jennifer,Becker,1996-11-20,Female,Saudi Arabia,2023-05-19
540,Stacy,Craig,1950-12-12,Male,Palestinian Territory,2015-06-01
541,Randy,Lopez,1982-08-09,Other,French Southern Territories,2024-09-05
542,Nicole,Parker,1959-06-20,Female,Netherlands Antilles,2018-05-16
543,Kristopher,Montgomery,1955-07-28,Female,Colombia,2015-11-28
544,David,Jacobson,2004-05-04,Female,Iceland,2019-12-05
545,Michael,Hughes,1950-12-18,Female,Holy See (Vatican City State),2019-10-25
546,Donna,Norton,1973-09-14,Other,South Georgia and the South Sandwich Islands,2019-03-10
547,Jacob,Cooper,1974-02-10,Male,Romania,2018-02-18
548,Pamela,Stephens,1950-05-15,Female,French Southern Territories,2017-10-15
549,Kelly,Pierce,1947-03-09,Other,Argentina,2019-12-31
550,Michael,Hill,1959-07-07,Male,Mexico,2021-09-18
551,Alexandria,Adams,1992-08-23,Male,Poland,2021-07-30
552,Wesley,Fernandez,2004-07-01,Other,Morocco,2018-11-19
553,Cassandra,Campbell,1983-12-06,Male,Lithuania,2023-11-16
554,Juan,Jones,2007-01-21,Female,Ireland,2020-01-21
555,Adam,Cole,1952-04-04,Other,Cote d'Ivoire,2015-10-19
556,Amy,Mata,1999-05-08,Other,Tokelau,2018-09-12
557,Frank,Hamilton,1962-07-10,Female,Latvia,2019-02-23
558,Jay,Davis,1982-12-05,Other,Iraq,2021-04-29
559,Kenneth,Porter,1973-02-19,Male,Belgium,2022-06-10
560,David,Mcmahon,1956-12-28,Other,Equatorial Guinea,2024-03-22
561,Amanda,Rivera,1981-03-16,Male,Cook Islands,2020-02-07
562,Brittany,Moody,1971-05-14,Other,Korea,2018-02-10
563,Vincent,Silva,1995-10-21,Female,Georgia,2017-02-21
564,Shawn,Garza,1962-01-15,Male,Brazil,2017-10-25
565,Jose,Holmes,1972-12-11,Male,Norway,2021-11-22
566,Scott,Hart,1986-12-23,Male,Jersey,2018-07-18
567,Julia,Graham,1999-08-25,Male,Luxembourg,2018-08-09
568,Stacey,Carroll,1962-09-03,Female,Cameroon,2017-05-05
569,Brianna,Osborn,1949-11-16,Female,Samoa,2018-06-17
570,Theresa,Cole,2000-01-21,Other,Andorra,2024-09-01
571,Mary,Castro,2001-06-01,Female,Liberia,2017-02-20
572,Jessica,Aguirre,1970-10-14,Female,Reunion,2020-09-17
573,Joseph,Johnson,1972-08-04,Other,Nauru,2017-01-19
574,Carol,Anderson,1985-07-13,Male,Greece,2022-01-27
575,Hannah,Gonzalez,2003-12-12,Other,Guinea,2021-12-15
576,Aimee,Landry,1945-08-07,Other,United States Virgin Islands,2022-12-07
577,Joan,Harris,1965-04-09,Other,Bolivia,2020-02-19
578,Paula,Jennings,1951-04-30,Female,Puerto Rico,2019-05-19
579,Matthew,Rowland,1969-09-12,Other,Honduras,2016-10-11
580,Rickey,Kelley,2005-06-07,Female,United Kingdom,2018-10-09
581,James,Wyatt,1952-10-16,Female,Congo,2018-06-29
582,Timothy,Smith,1999-07-30,Male,Mayotte,2022-07-14
583,Desiree,Ferguson,1988-11-13,Other,Bosnia and Herzegovina,2022-05-30
584,Monica,Stephens,1962-09-26,Other,Angola,2022-01-29
585,Thomas,Sanders,1944-10-23,Female,Turkey,2018-11-25
586,Sarah,Bradley,1966-01-09,Male,Palestinian Territory,2022-07-15
587,Olivia,Anthony,2004-06-10,Female,Aruba,2019-04-17
588,Caroline,Jones,1988-06-14,Other,Liechtenstein,2021-08-19
589,Kathy,Joseph,1964-06-23,Male,Panama,2019-08-28
590,Catherine,Schultz,1986-06-07,Female,Togo,2023-09-06
591,Sierra,Smith,1990-11-06,Male,Kuwait,2019-10-10
592,Tara,House,1956-01-18,Female,Congo,2021-01-21
593,Calvin,Ramirez,1975-12-11,Other,Saint Kitts and Nevis,2016-03-20
594,Nicholas,Brown,1985-05-22,Other,Belize,2023-07-25
595,Christopher,Bennett,1965-02-15,Female,Angola,2021-06-26
596,Philip,Gomez,1983-11-07,Other,Finland,2021-07-27
597,Peter,Alvarado,1959-02-12,Female,Liberia,2024-03-31
598,Sharon,Curtis,1947-03-16,Female,Aruba,2020-09-30
599,Ashley,Cummings,1952-08-14,Male,Fiji,2015-08-17
600,Abigail,Haney,1992-02-18,Male,Colombia,2023-10-30
601,Shawn,Hubbard,1991-01-01,Male,Guam,2016-07-09
602,Nicholas,Hampton,1956-07-08,Other,Palau,2020-12-18
603,Michael,Hall,1972-12-18,Female,Thailand,2025-03-17
604,Bethany,Moore,1993-01-31,Female,Guatemala,2022-03-11
605,Danielle,Olson,1954-12-04,Male,Canada,2023-08-18
606,Sean,Jones,1993-04-30,Female,Slovakia (Slovak Republic),2023-02-26
607,William,Blevins,1961-10-16,Female,American Samoa,2020-12-27
608,Lee,Crane,1952-06-26,Male,British Virgin Islands,2019-02-13
609,Michael,Jones,1999-03-25,Male,Christmas Island,2018-07-08
610,Valerie,Dunlap,1951-10-09,Female,Algeria,2021-08-02
611,Emily,Burgess,1963-07-09,Male,Saint Kitts and Nevis,2024-03-20
612,Rachel,Hernandez,1991-05-24,Female,Pitcairn Islands,2018-05-28
613,Cheryl,Bowers,1951-01-13,Other,Sao Tome and Principe,2020-12-18
614,Jennifer,Lane,1978-06-13,Other,Zimbabwe,2018-01-18
615,Timothy,Cook,1983-12-09,Other,Uganda,2022-12-26
616,Rhonda,Rivera,1986-11-05,Male,Monaco,2021-07-28
617,Jonathan,Larson,1946-12-28,Other,Hong Kong,2018-09-09
618,Howard,Johnston,2003-01-31,Female,Swaziland,2021-02-19
619,Kevin,Faulkner,1954-11-29,Male,Uzbekistan,2019-07-03
620,Danny,Morris,1951-05-29,Male,Papua New Guinea,2020-06-18
621,Monica,Perry,1952-03-24,Female,Aruba,2023-07-17
622,Eugene,Sullivan,1981-07-25,Male,Russian Federation,2021-10-17
623,Gary,Serrano,2005-10-05,Other,Myanmar,2024-12-07
624,Jill,Stone,1960-01-25,Other,Costa Rica,2021-06-19
625,Carrie,Donaldson,1991-12-11,Female,Indonesia,2022-08-03
626,Hannah,Randolph,1950-10-08,Other,Kyrgyz Republic,2020-08-18
627,Matthew,Rogers,1985-03-28,Other,Guadeloupe,2022-12-18
628,Shawn,Flynn,1992-02-25,Female,Turkmenistan,2025-02-10
629,Kenneth,Ballard,1986-02-01,Male,Afghanistan,2016-08-25
630,Daniel,Williams,1968-07-18,Other,Fiji,2022-12-20
631,Heather,Mcclain,1959-04-13,Female,Romania,2019-12-27
632,Reginald,Keith,1946-05-13,Male,Poland,2023-07-02
633,Jared,Cooke,1947-04-05,Female,San Marino,2020-08-30
634,Suzanne,Fernandez,1956-01-09,Female,Hungary,2022-09-26
635,Maria,Boone,2001-12-04,Male,Bolivia,2017-03-23
636,Erin,Fitzgerald,2006-07-29,Other,Bulgaria,2020-05-19
637,Jennifer,Anderson,1974-06-15,Male,Chile,2021-01-28
638,James,Dorsey,1994-05-07,Male,United States of America,2018-05-20
639,Kristen,Bruce,1985-12-13,Male,Libyan Arab Jamahiriya,2024-12-19
640,Donna,Barber,1995-08-03,Male,Korea,2015-12-24
641,Sarah,Boyer,1971-01-04,Other,Germany,2019-05-25
642,Gregory,Spencer,2003-04-14,Male,Tajikistan,2016-04-09
643,Erin,Pitts,1994-10-24,Female,Spain,2021-12-25
644,Craig,Rice,2003-02-16,Other,United States Minor Outlying Islands,2021-05-08
645,Michele,Walters,1959-09-17,Male,Madagascar,2022-11-18
646,David,Padilla,1987-12-11,Female,Mauritania,2023-03-15
647,Susan,Golden,1956-07-13,Other,Mauritius,2022-08-11
648,Joseph,Richardson,1980-04-18,Female,Bouvet Island (Bouvetoya),2019-04-24
649,Joseph,Gross,1967-06-22,Other,San Marino,2018-06-26
650,Beverly,Rodriguez,1997-12-05,Male,Congo,2016-10-10
651,Victor,Walton,2003-05-18,Other,Equatorial Guinea,2018-10-30
652,Jack,Harrington,1994-05-20,Male,Cape Verde,2015-06-28
653,Timothy,Alvarez,2003-09-02,Male,Honduras,2016-01-22
654,Lawrence,Cooke,1975-01-03,Female,Central African Republic,2018-07-22
655,Tyler,Butler,1953-06-05,Other,Oman,2021-05-04
656,Samantha,Gonzalez,1979-08-09,Male,Latvia,2022-01-20
657,Sarah,Boyd,1951-08-09,Male,Czech Republic,2020-04-10
658,Kevin,Moreno,2004-07-25,Other,China,2017-01-20
659,Daniel,Gibbs,1987-05-02,Male,Austria,2022-09-15
660,Lawrence,Robinson,1952-04-24,Other,Tunisia,2023-11-03
661,Kelly,Tran,1946-08-26,Male,Tuvalu,2017-03-29
662,Gina,Armstrong,1999-03-07,Male,Antarctica (the territory South of 60 deg S),2016-02-28
663,Logan,Potter,1948-07-22,Other,Bahrain,2018-12-07
664,Erin,Morris,2004-06-25,Other,Czech Republic,2020-06-01
665,Janet,Grant,1986-11-15,Female,Egypt,2018-11-13
666,Brandon,Hill,1996-06-12,Male,Sierra Leone,2018-08-23
667,Karen,Bean,2002-02-15,Male,Morocco,2021-07-02
668,Stephanie,Miller,1987-01-08,Male,Trinidad and Tobago,2018-04-05
669,John,Francis,2006-05-10,Other,Christmas Island,2021-07-10
670,Morgan,Johnson,2000-12-17,Other,Korea,2022-03-23
671,Randall,Cruz,2002-04-08,Female,Chad,2016-06-05
672,Victor,Chavez,1990-05-10,Female,Equatorial Guinea,2019-12-04
673,Hector,Weaver,1998-11-20,Male,Zambia,2018-04-11
674,Wendy,Smith,2003-05-16,Female,Guatemala,2017-10-03
675,Amanda,Stewart,1966-04-08,Male,Heard Island and McDonald Islands,2015-11-05
676,Cynthia,Duran,1998-03-17,Male,United States of America,2024-05-02
677,Michael,Rivera,1946-09-02,Female,Hong Kong,2020-01-03
678,Ricky,Young,1972-01-04,Female,Mongolia,2019-09-07
679,Theresa,Bowen,1964-07-09,Other,Mayotte,2019-02-03
680,Bryan,Shaw,1964-02-10,Female,Spain,2021-10-23
681,Stephanie,Clark,1989-02-27,Other,Montserrat,2019-10-08
682,Cynthia,Richardson,2003-01-28,Female,Guernsey,2022-01-08
683,Lindsay,Franco,1959-07-21,Female,Somalia,2021-03-13
684,Kimberly,Adkins,1954-06-22,Other,Italy,2021-03-30
685,Megan,Martin,1988-04-13,Other,Sri Lanka,2018-04-07
686,Ronald,Strickland,1947-08-05,Female,Heard Island and McDonald Islands,2018-10-18
687,Chloe,Shaw,1979-01-18,Male,Turks and Caicos Islands,2025-01-04
688,Kristina,Smith,1992-03-09,Male,Kiribati,2022-12-20
689,Kelli,Ramos,1953-01-01,Female,Georgia,2021-09-04
690,Sarah,Little,1976-06-12,Other,French Southern Territories,2025-03-17
691,Matthew,Gay,1993-03-15,Other,Bulgaria,2024-05-30
692,Ethan,Thompson,1988-03-28,Female,China,2023-07-12
693,Thomas,Aguilar,1984-08-24,Female,Suriname,2019-02-23
694,Matthew,Medina,1993-09-14,Female,Ghana,2022-02-04
695,Tina,Marks,1955-06-03,Male,Thailand,2022-03-09
696,Tommy,Christensen,1949-12-03,Female,Malta,2015-11-25
697,Rachel,Howell,1948-04-18,Other,Guatemala,2016-04-25
698,Jonathan,Davidson,1950-11-25,Male,Oman,2022-03-16
699,Bradley,Osborn,1979-05-31,Male,Bosnia and Herzegovina,2023-06-05
700,Linda,Ross,1980-02-03,Female,Solomon Islands,2024-08-30
701,Katrina,Ryan,1980-02-27,Other,British Indian Ocean Territory (Chagos Archipelago),2018-09-11
702,Alyssa,Shaw,1965-07-19,Male,Gabon,2016-02-20
703,Matthew,Ortiz,2001-05-13,Female,Burkina Faso,2024-12-27
704,Paul,Kelley,1959-12-21,Male,United Arab Emirates,2025-01-30
705,Alan,Guzman,1992-11-28,Other,Saudi Arabia,2023-04-05
706,Frances,Singleton,1947-11-28,Male,Bosnia and Herzegovina,2018-04-15
707,Lee,Parker,1982-08-24,Other,Dominica,2021-08-09
708,Jeffrey,Hanson,2000-11-16,Male,Luxembourg,2015-09-01
709,Kristin,Wilson,1988-06-28,Female,Nauru,2016-06-24
710,Kelsey,Crawford,1980-11-19,Other,Latvia,2020-01-29
711,Adam,Hamilton,1980-05-17,Male,Andorra,2021-09-20
712,Joseph,Martinez,1960-11-08,Other,Chile,2017-10-03
713,Erin,Perez,1945-04-09,Male,Argentina,2016-01-20
714,Michael,Brennan,1947-10-23,Female,Morocco,2023-01-08
715,Jason,Gross,1983-03-10,Female,Puerto Rico,2023-02-06
716,Ricardo,Heath,1977-11-04,Male,Saint Barthelemy,2021-06-06
717,Brianna,Dixon,1980-06-12,Other,Latvia,2015-07-20
718,Ronald,Holloway,1952-01-16,Male,Mauritius,2024-12-25
719,Susan,Davis,1977-06-25,Female,Gabon,2023-07-26
720,Jason,Phillips,1982-10-03,Other,Denmark,2023-01-06
721,Guy,Young,1983-02-05,Male,France,2018-04-22
722,Victor,Potter,1958-02-04,Male,South Georgia and the South Sandwich Islands,2018-07-03
723,Walter,Stanley,1986-12-02,Female,Kazakhstan,2022-06-06
724,Elizabeth,Wang,1959-04-15,Female,Bahamas,2016-05-24
725,Patrick,Cohen,2005-09-17,Other,Papua New Guinea,2024-01-01
726,Brittany,Rivers,1946-04-26,Other,Saint Barthelemy,2023-07-30
727,Martin,Arnold,1995-08-21,Other,Mauritius,2016-01-12
728,Lauren,Stephenson,1989-08-04,Other,Tonga,2016-04-28
729,James,Cooper,1967-08-04,Female,Saint Kitts and Nevis,2015-11-28
730,Andrea,Nguyen,1996-03-06,Female,Iraq,2022-07-14
731,Antonio,James,1967-12-03,Female,Norway,2019-01-05
732,Timothy,Lam,1980-11-25,Other,Seychelles,2018-01-19
733,Thomas,Hoover,1991-04-22,Other,Uganda,2019-03-01
734,Morgan,Jones,1982-08-16,Female,Western Sahara,2019-03-18
735,Kimberly,Coleman,1945-07-25,Female,Tonga,2020-05-29
736,Victoria,Levine,1969-07-24,Female,India,2023-01-19
737,Andrea,Cruz,1954-12-25,Male,Colombia,2018-11-30
738,Matthew,Garcia,1981-03-24,Female,Cook Islands,2020-11-11
739,Heather,Adkins,1988-12-15,Other,Kyrgyz Republic,2025-03-07
740,Yvonne,Holloway,1960-01-19,Other,Azerbaijan,2020-04-24
741,Laura,Fernandez,2006-07-26,Female,Guinea-Bissau,2022-10-15
742,Ashley,Gallegos,1985-04-07,Female,Guam,2024-11-15
743,Benjamin,Sullivan,1970-11-07,Other,Bahrain,2017-05-22
744,Rachel,Gilbert,1996-09-23,Female,Romania,2016-01-18
745,Ashley,Winters,1949-09-23,Male,Tajikistan,2019-11-20
746,Andre,Dillon,1975-11-10,Other,Georgia,2021-07-10
747,Alicia,Pearson,1952-10-07,Other,Bermuda,2024-10-07
748,Joseph,Williams,1974-05-08,Male,Pakistan,2018-11-03
749,Dustin,Evans,1967-10-23,Other,Saudi Arabia,2021-12-29
750,Kristopher,Murphy,1962-11-18,Other,British Virgin Islands,2016-06-15
751,John,Brown,1972-11-28,Male,Western Sahara,2019-06-27
752,Michelle,Johnson,1954-12-19,Male,Falkland Islands (Malvinas),2022-01-21
753,Samuel,Adkins,1971-06-27,Other,Lithuania,2023-09-18
754,Jennifer,Harris,1991-11-16,Male,Brunei Darussalam,2016-06-05
755,Mary,Gonzales,2000-10-29,Other,Jersey,2019-09-16
756,Kim,Vaughn,1953-02-03,Male,Namibia,2018-05-14
757,Karl,Parks,1949-02-05,Female,Sao Tome and Principe,2022-01-02
758,Matthew,Miller,1950-01-22,Female,Russian Federation,2015-06-13
759,Benjamin,Goodwin,1971-01-01,Female,Iraq,2023-06-24
760,Brianna,Price,1982-09-01,Female,Azerbaijan,2016-06-15
761,Aaron,Wang,1947-06-27,Male,Albania,2021-08-13
762,Reginald,Williams,1955-07-10,Female,Wallis and Futuna,2021-01-01
763,Amanda,Ibarra,2006-05-15,Other,Central African Republic,2016-05-13
764,John,Ingram,1977-04-11,Other,Latvia,2023-11-03
765,Megan,Young,1994-06-09,Male,United Kingdom,2020-01-04
766,Allen,Valdez,1964-12-23,Female,Uganda,2021-07-08
767,Connor,Lopez,1948-04-13,Male,Iraq,2022-07-27
768,Andrea,Haynes,2004-02-09,Other,Slovenia,2020-02-14
769,Elijah,Sanders,1955-12-10,Female,Brunei Darussalam,2015-12-05
770,Tracey,Gonzales,1956-07-10,Male,Honduras,2015-11-30
771,Rodney,Erickson,1952-03-27,Male,Vietnam,2016-10-10
772,Christina,Garrett,1950-06-07,Other,Kiribati,2023-05-30
773,Sandra,Bright,1975-04-30,Male,Peru,2017-02-04
774,Mallory,Hansen,1999-09-09,Other,Spain,2024-02-05
775,Lauren,Davis,1946-01-18,Other,Nauru,2022-01-18
776,Brandy,Williams,1954-10-16,Other,Lithuania,2018-04-02
777,Christopher,Martin,1970-06-18,Male,Marshall Islands,2025-01-10
778,Molly,Smith,1964-03-09,Female,Venezuela,2022-11-26
779,Katherine,Palmer,1977-04-27,Male,Martinique,2017-01-15
780,Paul,Martinez,1973-11-15,Other,United States of America,2016-07-16
781,Anthony,Newman,1946-02-20,Other,Austria,2020-05-26
782,Jacob,Bush,1952-06-08,Female,Cyprus,2015-10-22
783,Thomas,Schmidt,1951-06-02,Male,Oman,2024-08-05
784,Amy,Reyes,1982-07-13,Other,Aruba,2017-09-30
785,Melissa,Taylor,1994-07-12,Other,Costa Rica,2023-05-11
786,Susan,Campbell,1952-10-24,Other,Yemen,2017-08-06
787,Christopher,Hodge,1948-09-26,Male,New Caledonia,2024-04-12
788,Laurie,Herrera,1964-01-29,Male,Bahrain,2024-01-11
789,Victoria,Colon,1944-11-08,Female,Zambia,2020-01-28
790,Darlene,Johnson,1970-11-03,Female,Liechtenstein,2024-10-24
791,Catherine,Jones,1945-07-24,Other,Iran,2017-07-09
792,Victoria,Parker,1982-05-06,Female,Burundi,2022-05-10
793,John,Ramirez,1965-03-22,Female,Samoa,2017-11-12
794,Donna,Solomon,1977-12-01,Male,Estonia,2024-07-25
795,Julie,Pena,1960-10-15,Male,Belarus,2016-09-08
796,Thomas,Miranda,1992-12-03,Other,Austria,2022-04-07
797,Joshua,Moore,1965-09-26,Female,Jamaica,2024-06-08
798,Rhonda,Soto,2001-06-01,Female,Aruba,2024-03-12
799,Kathleen,Hughes,1991-10-29,Other,Madagascar,2016-02-25
800,Tyler,Turner,2005-07-22,Other,Sri Lanka,2018-02-21
801,Miguel,Owen,1960-10-23,Other,Bangladesh,2015-11-14
802,Vanessa,Velez,1990-03-11,Male,Guadeloupe,2019-04-05
803,Gabriella,Schultz,1947-08-16,Male,Norfolk Island,2019-03-11
804,Troy,Matthews,1973-02-10,Female,Bouvet Island (Bouvetoya),2017-02-17
805,Kelly,Miller,1959-10-08,Other,United States Minor Outlying Islands,2023-02-27
806,Cody,Valenzuela,1954-02-18,Female,Comoros,2022-05-04
807,Alicia,Hutchinson,1946-03-28,Male,Libyan Arab Jamahiriya,2019-01-21
808,Jeffrey,Zimmerman,1976-12-11,Other,Kenya,2019-03-04
809,Jill,Johnson,1976-09-26,Male,United States Minor Outlying Islands,2020-02-11
810,Dylan,Ramirez,1966-10-13,Male,Andorra,2023-04-16
811,Aaron,Palmer,2005-07-16,Female,Croatia,2016-06-04
812,Gregory,Oliver,1966-09-06,Female,Australia,2016-03-09
813,Courtney,Silva,2001-02-09,Other,Papua New Guinea,2019-06-10
814,Misty,Boyd,1965-08-15,Other,Congo,2017-08-06
815,Taylor,Davis,1988-11-12,Other,Turks and Caicos Islands,2017-05-07
816,Aaron,Porter,1985-03-10,Male,Niue,2023-03-01
817,Audrey,Howard,1988-04-24,Female,Falkland Islands (Malvinas),2016-03-02
818,James,Ewing,1983-07-29,Male,Aruba,2018-06-23
819,Thomas,Daniels,1976-03-13,Male,Morocco,2016-05-31
820,Michael,Martin,1983-12-12,Other,Australia,2017-12-17
821,Ashley,Wood,1979-04-12,Other,Moldova,2023-08-29
822,Kimberly,Reid,1961-03-09,Female,Libyan Arab Jamahiriya,2020-01-27
823,Rachel,Dodson,1961-05-28,Female,Indonesia,2024-12-16
824,Michael,Williams,1979-04-17,Other,Guinea-Bissau,2021-08-07
825,Alexandria,Perkins,1966-11-19,Female,Saint Pierre and Miquelon,2020-06-26
826,Andrew,Perez,1948-04-25,Male,Georgia,2023-06-18
827,Brenda,Green,1951-04-09,Other,South Georgia and the South Sandwich Islands,2024-07-30
828,Christina,Smith,1962-06-21,Other,Honduras,2018-11-29
829,Mia,Gibson,1955-03-14,Male,Guatemala,2015-11-15
830,Amber,Carter,2006-11-17,Male,Cuba,2025-04-02
831,Lindsey,Ferguson,1945-05-21,Other,Botswana,2018-10-21
832,Emma,Ortega,1993-12-05,Other,Chile,2022-04-18
833,Carlos,Johnson,2002-02-04,Other,Comoros,2019-01-14
834,Anthony,Reese,1968-07-22,Other,French Southern Territories,2017-03-12
835,Kimberly,Evans,1959-08-10,Male,Christmas Island,2016-04-30
836,Heidi,Dean,1981-05-30,Female,Gabon,2016-03-14
837,Christopher,Bradford,1996-06-09,Female,Papua New Guinea,2024-12-27
838,Allison,Jackson,1986-04-27,Other,Singapore,2015-10-18
839,Karen,Tyler,1974-08-03,Male,India,2025-01-03
840,Desiree,Walsh,1979-12-20,Other,Namibia,2019-01-15
841,Christine,Oconnor,1972-12-25,Female,Sri Lanka,2017-07-03
842,Erik,Cunningham,1954-01-16,Male,Turkey,2019-09-05
843,Joseph,Simpson,1993-06-23,Other,France,2015-10-21
844,James,Hunt,1960-07-21,Male,Cape Verde,2023-08-06
845,Kenneth,Pearson,1952-12-02,Other,Lesotho,2023-12-09
846,Catherine,Mueller,1975-03-09,Male,Argentina,2017-03-13
847,John,Nichols,1988-09-29,Male,Tuvalu,2023-07-02
848,Samantha,Garcia,1959-02-26,Female,Estonia,2018-08-07
849,Michelle,Boyer,1974-08-07,Female,Reunion,2022-02-15
850,Aaron,Melton,1955-10-30,Other,Maldives,2020-05-28
851,Neil,Levy,1967-04-21,Other,Greenland,2020-09-30
852,Cindy,Smith,1945-04-16,Other,Nepal,2018-12-03
853,Joseph,Gonzalez,1999-09-07,Male,Bahamas,2019-03-24
854,Olivia,Moore,1950-06-08,Other,Sierra Leone,2020-02-03
855,Ian,Lyons,1989-07-06,Other,Lao People's Democratic Republic,2021-08-04
856,Edward,Rodriguez,1961-07-26,Other,Saudi Arabia,2024-12-09
857,Hannah,Weaver,1988-02-17,Female,Fiji,2017-06-18
858,Kevin,Morrow,1953-08-04,Male,Ethiopia,2018-05-03
859,Bradley,Rose,2001-11-27,Female,Algeria,2019-04-19
860,Jacob,Lowe,1950-07-02,Other,Togo,2015-08-12
861,Danielle,Ponce,1999-11-28,Female,Gabon,2016-12-30
862,Joshua,Williams,1995-01-25,Other,Bolivia,2024-06-28
863,Ricky,Huff,1986-05-15,Male,Malaysia,2024-03-11
864,Shannon,Richardson,1993-09-14,Male,Albania,2020-06-07
865,Larry,Thompson,1966-12-31,Other,Argentina,2022-10-15
866,Edward,Brown,1980-09-26,Other,Nicaragua,2022-10-08
867,Raymond,Morales,1963-09-24,Other,Tajikistan,2020-12-10
868,Valerie,Scott,2005-08-27,Female,Solomon Islands,2024-08-02
869,Joseph,Cooper,1957-10-28,Male,Turkey,2019-07-26
870,Patricia,Gonzalez,1996-04-16,Female,Aruba,2023-06-21
871,Tracy,Buckley,1966-12-11,Male,Central African Republic,2022-10-27
872,Rebecca,Arellano,2001-04-09,Other,Turks and Caicos Islands,2020-08-15
873,Lori,Wilson,1996-10-24,Female,Guernsey,2024-04-06
874,Chris,Archer,1969-07-17,Male,Saint Helena,2018-07-21
875,Jordan,Brown,1972-02-02,Other,Monaco,2021-06-03
876,Nathan,King,1997-11-16,Female,Poland,2018-12-14
877,Erin,Haney,2000-01-05,Other,Palau,2021-03-02
878,Ashley,Francis,1966-01-12,Male,Martinique,2021-02-19
879,Nicole,Holloway,1994-09-06,Other,Seychelles,2016-12-27
880,Jasmine,Santana,1999-11-12,Male,Swaziland,2020-12-20
881,Lauren,Smith,2005-04-29,Male,Uruguay,2019-09-30
882,Shane,Moran,1975-12-23,Male,Palestinian Territory,2016-04-14
883,Patricia,Fox,1971-11-04,Other,Bahrain,2022-06-01
884,Andrea,Rodriguez,1988-04-20,Female,Trinidad and Tobago,2016-11-24
885,Jared,Flynn,1975-08-09,Other,Guam,2021-11-24
886,Russell,Mosley,1986-01-08,Male,Greece,2023-09-20
887,Philip,Harris,1990-11-07,Female,Kiribati,2015-10-07
888,Gabriel,Clayton,1957-10-02,Female,Myanmar,2020-06-29
889,Joseph,Grimes,2005-09-24,Male,China,2020-07-24
890,Deborah,Reed,1987-03-21,Male,Lao People's Democratic Republic,2015-10-05
891,Wendy,Ali,1992-04-16,Other,Canada,2017-10-05
892,Natalie,Johnson,1996-08-21,Female,Denmark,2024-01-27
893,Gary,Oconnor,1990-03-16,Other,Netherlands Antilles,2015-05-30
894,Sharon,Norman,1948-01-25,Other,Kiribati,2016-08-05
895,Cynthia,Thomas,1994-09-11,Male,Cote d'Ivoire,2023-12-05
896,Lauren,Powell,2003-12-25,Male,Kiribati,2024-05-09
897,Brittany,Fisher,1964-08-15,Male,Korea,2019-09-28
898,Sabrina,Barry,1990-11-22,Female,Slovakia (Slovak Republic),2023-12-27
899,Sonya,Powell,1980-11-12,Male,Italy,2021-09-12
900,Keith,Lane,1998-10-31,Male,Turks and Caicos Islands,2015-06-13
901,John,Murphy,1984-12-08,Female,Tonga,2018-04-29
902,Harold,Johnson,1986-08-31,Female,Japan,2018-02-22
903,Brian,Stevenson,1972-12-30,Other,Oman,2020-05-23
904,Melissa,Mitchell,1999-02-04,Other,Jamaica,2023-09-01
905,Anthony,Casey,1960-12-26,Other,Estonia,2024-09-02
906,Kristin,Herrera,1956-02-11,Male,Namibia,2025-01-22
907,Brianna,Lawrence,1958-07-15,Female,Argentina,2019-07-11
908,Maria,Hill,1975-09-11,Male,Ireland,2015-10-28
909,Bryan,Wong,1954-05-06,Other,Venezuela,2021-01-01
910,Gabriel,Frazier,1968-03-19,Male,Yemen,2021-05-07
911,Tiffany,Gilbert,1969-10-29,Male,Pitcairn Islands,2016-07-04
912,Daniel,Murray,1946-04-14,Female,Dominican Republic,2017-09-21
913,Mary,Marks,1954-12-22,Other,Guadeloupe,2019-05-14
914,Alejandro,Robinson,1976-07-29,Female,Israel,2021-10-24
915,Robert,Anderson,1955-07-18,Other,Anguilla,2021-12-09
916,Raymond,Stevenson,1952-06-17,Other,Palestinian Territory,2015-06-18
917,Gabriel,Bell,1991-03-29,Other,Gabon,2023-10-28
918,Christopher,Morton,1945-04-28,Other,Guyana,2019-03-02
919,Debra,Watson,1976-06-14,Female,Antarctica (the territory South of 60 deg S),2019-12-01
920,Brian,Brown,2006-04-22,Female,Guinea,2025-01-30
921,Adam,Moyer,1985-10-26,Male,Slovenia,2021-06-15
922,Elizabeth,Fisher,1959-01-22,Male,Ireland,2016-02-20
923,Melissa,Santos,2005-06-21,Male,Morocco,2024-05-15
924,Walter,Mcdonald,1976-06-28,Male,Italy,2015-09-24
925,Jeremy,Hall,1990-11-12,Other,Saint Vincent and the Grenadines,2015-08-04
926,Carlos,Patterson,2003-03-05,Male,Saint Pierre and Miquelon,2020-09-09
927,Jeffery,Maxwell,1967-09-24,Male,Nepal,2019-07-11
928,Miranda,Villegas,1965-08-18,Other,Spain,2024-09-24
929,Jason,Moore,1974-05-27,Female,Mozambique,2021-01-11
930,Seth,Reed,1962-11-06,Male,Czech Republic,2022-10-13
931,Laura,Collins,2001-01-19,Female,Guadeloupe,2016-03-21
932,Cody,Barrera,1977-02-13,Female,Saint Pierre and Miquelon,2023-03-03
933,Cheryl,Boyer,1953-08-06,Female,Slovakia (Slovak Republic),2022-06-08
934,Suzanne,Cruz,1993-07-19,Male,Jersey,2023-08-12
935,Benjamin,Ramirez,2000-05-01,Male,Tajikistan,2021-01-01
936,Zachary,Jones,1951-01-18,Female,Tokelau,2021-06-01
937,Jessica,Torres,1966-09-21,Other,Guam,2021-12-31
938,Amber,Zamora,1960-02-26,Female,United States Virgin Islands,2022-01-02
939,Ann,Avila,1992-01-26,Male,Colombia,2016-10-15
940,Kenneth,Green,1950-02-19,Other,Spain,2025-04-29
941,Alyssa,Strickland,1964-05-04,Female,Pakistan,2021-02-22
942,Melissa,Gates,1996-12-24,Male,Haiti,2017-01-08
943,Matthew,Williams,1948-09-27,Male,Iceland,2018-09-03
944,Rachel,Zhang,1953-10-11,Male,Nauru,2019-02-11
945,Christopher,Villa,1981-04-29,Male,Uganda,2021-07-01
946,Mary,Watkins,1981-09-14,Female,El Salvador,2017-01-07
947,Shane,Lewis,1985-08-15,Male,Nigeria,2024-01-12
948,Traci,Perez,1954-05-21,Other,French Polynesia,2019-01-15
949,Holly,Walls,1975-11-06,Male,Georgia,2015-06-09
950,Judith,Lawson,2005-10-04,Male,El Salvador,2023-03-09
951,Rebecca,Rodriguez,1977-01-20,Other,Uzbekistan,2023-04-26
952,Robert,Adams,1964-10-30,Male,Kenya,2024-09-23
953,Ronald,Smith,1966-04-07,Other,Korea,2025-01-09
954,Katrina,Dunn,1947-08-12,Female,Dominica,2015-12-07
955,Austin,Anderson,1995-08-15,Male,Cambodia,2016-06-16
956,Kelly,Reynolds,1954-02-18,Other,Marshall Islands,2018-06-05
957,Maria,Valentine,1970-04-04,Male,Vietnam,2018-03-17
958,Douglas,Jones,1956-12-22,Female,Honduras,2020-06-16
959,Joan,Santos,1971-10-16,Male,Tokelau,2019-07-12
960,Jennifer,Martinez,1953-06-18,Female,Marshall Islands,2018-09-27
961,Christina,Johnson,1951-11-04,Other,Kazakhstan,2023-05-30
962,Brandi,Hernandez,1987-07-01,Male,Azerbaijan,2021-08-30
963,Erica,Carrillo,1970-10-29,Female,Cayman Islands,2016-12-04
964,Vanessa,Stewart,1946-09-20,Other,Bhutan,2023-09-24
965,Scott,Diaz,1973-10-26,Other,Taiwan,2019-09-14
966,Amy,Hoffman,1981-03-17,Other,Cambodia,2019-09-11
967,Thomas,Gordon,1966-08-10,Other,Falkland Islands (Malvinas),2021-05-22
968,Kevin,Hall,1962-08-30,Other,Cocos (Keeling) Islands,2021-05-10
969,Bradley,Holmes,1959-08-05,Female,Senegal,2024-06-05
970,Damon,Hendricks,1994-08-07,Female,British Virgin Islands,2022-06-26
971,Lisa,Weeks,1977-03-02,Other,Kazakhstan,2024-08-13
972,Nicole,Mack,1947-10-13,Female,Hungary,2021-04-07
973,Rodney,Conner,1959-10-30,Female,Samoa,2024-04-24
974,Terri,Peterson,1966-12-24,Other,Reunion,2023-03-26
975,Jessica,Martin,1957-06-28,Female,Tunisia,2024-06-06
976,Thomas,Thompson,1997-06-08,Female,Costa Rica,2016-11-10
977,Keith,Russell,1976-10-09,Other,Ukraine,2020-02-15
978,Kim,Owen,1989-04-12,Other,Cayman Islands,2025-02-11
979,Scott,Clark,1990-06-11,Female,Solomon Islands,2015-06-26
980,Christina,Short,1995-03-06,Male,Fiji,2022-04-07
981,Elizabeth,Walker,1953-11-28,Other,New Zealand,2016-07-10
982,Patricia,Morales,2001-06-24,Male,Poland,2016-04-27
983,Jimmy,Kirby,1966-06-14,Other,Gambia,2020-06-16
984,Candace,Cox,1982-05-13,Other,Vanuatu,2021-05-31
985,Jennifer,Reed,1966-05-22,Male,Faroe Islands,2016-12-02
986,Lisa,Hall,1955-07-28,Other,San Marino,2020-02-29
987,Edward,Ramos,1986-02-24,Male,Brunei Darussalam,2019-05-17
988,Harry,Johnson,1997-11-14,Female,Papua New Guinea,2021-05-21
989,Aaron,Zimmerman,1998-07-07,Male,Azerbaijan,2016-12-14
990,Joshua,Moses,1968-12-26,Other,Barbados,2021-09-18
991,Matthew,Rodriguez,1968-01-05,Other,Saint Helena,2022-01-19
992,Lindsay,Ellis,1962-03-31,Male,Chad,2024-10-25
993,Justin,Clark,1958-01-25,Male,Brazil,2024-02-24
994,Julie,Foster,1979-03-10,Female,Djibouti,2020-08-24
995,Ashley,Pace,1975-11-08,Female,Bolivia,2022-10-02
996,Benjamin,Murphy,1988-03-31,Female,Lebanon,2024-07-15
997,Anna,Berry,1959-03-14,Female,Turkey,2023-08-26
998,William,Kim,1954-04-12,Female,Antarctica (the territory South of 60 deg S),2023-11-08
999,Vanessa,Richardson,1960-01-14,Other,Indonesia,2021-02-20
1000,Thomas,Luna,2006-09-14,Female,Singapore,2023-08-10
